<?xml version="1.0" encoding="UTF-8"?>
<configuration>
    <appender name="STDOUT" class="ch.qos.logback.core.ConsoleAppender">
        <!-- On Windows machines setting withJansi to true enables ANSI
             color code interpretation by the Jansi library. This requires
             org.fusesource.jansi:jansi:1.8 on the class path.  Note that
             Unix-based operating systems such as Linux and Mac OS X
             support ANSI color codes by default. -->
        <withJansi>true</withJansi>
        <encoder>
            <pattern>[%thread] %highlight(%-5level) %cyan(%logger{15}) - %msg %n</pattern>
        </encoder>
    </appender>

    <logger name="com.packt.j11intro.slackbot.IntroSlackBot" level="DEBUG"/>

    <root level="INFO">
        <appender-ref ref="STDOUT"/>
    </root>
</configuration>